,Human,,,QQNVP,,,QQNVT,,,QRNVP,,,QRKVT,,,QQNIP,,,QRNIP,,,QQKVT,,,QQKVP,,,RQNVP,,
Δenv (backbone only),0.759643917,0.184089415,0.534262485,0.157598499,0.184433164,0.178104575,0.350515464,0.279398762,0.284674852,0.920162381,0.133532636,1.52640264,0.104377104,0.046599023,0.040257649,0.138176638,0.042105263,0.087891538,0.068201193,0.057625435,0.046448087,0.306064306,0.333333333,0.198198198,0.029922202,0.137179487,0.075825826,0.178266178,0.133333333,0.25511432
