,Human,,,QQNVP,,,QQNVT,,
WT,38.79327399,17.88297173,23.17073171,24.8905566,13.02876481,15.2124183,6.097201767,3.846153846,5.575261482
N295Q,11.87645688,16.10636277,16.08571429,13.31175836,12.99264421,13.79253793,4.003974168,5.798069785,5.077047851
N446Q,16.72494173,17.08452042,16.66666667,13.17152103,12.6984127,13.87453875,3.90461997,5.330363771,5.409570154
N460Q,19.6969697,21.671415,21.42857143,21.08953614,19.87611305,22.43542435,10.5514158,11.27691166,12.93592863
N295Q + N446Q,12.41258741,14.21652422,13.8,10.71197411,10.8401084,12.80852809,3.427719821,4.320712695,4.201135442
N295Q + N446Q + N460Q,17.02797203,16.45773979,18.60952381,17.15210356,16.54665118,19.89339893,7.81917536,8.440979955,9.9837794
