"","comparison","stat","WT","N295Q","N446Q","N460Q","N295Q...N446Q","N295Q...N446Q...N460Q"
"Human-QQNVP.mean","Human-QQNVP","mean",0.63069611829309,1.44942987452701,1.37037266729778,1.50043123288813,1.408374898914,1.50971903325942
"Human-QQNVP.lower","Human-QQNVP","lower",0.467331220342749,1.029507538838,0.955825441281385,1.06704407081851,0.993801001568057,1.07221011075732
"Human-QQNVP.upper","Human-QQNVP","upper",0.834145408911667,2.07209286459072,1.95990183061855,2.15935148498096,2.01075329390879,2.18066102347547
"Human-QQNVP.p","Human-QQNVP","p",0.00158409549854843,0.0341757971720752,0.0841089430538436,0.0207009033477267,0.0536418383764256,0.0184423989452486
"QQNVP-QQNVT.mean","QQNVP-QQNVT","mean",0.279788395710873,1.32984599250472,1.32436207692618,1.75436303811639,1.28125291204336,1.62280895682435
"QQNVP-QQNVT.lower","QQNVP-QQNVT","lower",0.203987741820542,0.90183414995132,0.898629332668814,1.16307180760037,0.863353942424425,1.09996400597823
"QQNVP-QQNVT.upper","QQNVP-QQNVT","upper",0.37508702505527,1.96464443408099,1.95479661446711,2.66097530463653,1.90043788770825,2.42209482934061
"QQNVP-QQNVT.p","QQNVP-QQNVT","p",4e-06,0.144308249000964,0.150402161182438,0.00740364638339411,0.212338606396461,0.015671848567031
"Human-QQNVT.mean","Human-QQNVT","mean",0.150954233496877,2.21189578062857,1.93708164578454,3.36401275692565,1.9748086943507,3.09942367044082
"Human-QQNVT.lower","Human-QQNVT","lower",0.0772888165411999,1.28619002337593,1.12469086568174,1.90605835162876,1.14267623387515,1.77864935771511
"Human-QQNVT.upper","Human-QQNVT","upper",0.236117929548054,4.52886913764562,3.97741168331045,6.90850547492257,4.05448214707716,6.35115251318239
"Human-QQNVT.p","Human-QQNVT","p",4e-06,0.00383849072713066,0.0163658590549155,4.56808647462619e-05,0.0140240113309573,7.99610441421041e-05
