"comparison","stat","SIVlst","SIVwrc.GM05","SIVascRT11","SIVsmmFTq","SIVsmmSL92b","SIVagm"
"QQNVP-RQNVP","mean",0.709657874405757,0.671409100894092,0.81139840477188,0.485002757195386,0.686555234576881,0.416323729411416
"QQNVP-RQNVP","lower",0.457878569190124,0.437002854663429,0.506943078677625,0.29217920738727,0.4432938434402,0.252774270180566
"QQNVP-RQNVP","upper",1.09761892356321,1.03250698429549,1.27977520341407,0.794516432115048,1.0606449236318,0.693657369248844
"QQNVP-RQNVP","p",0.118088051034241,0.0683468440365456,0.369751721113307,0.00455166933637607,0.0867122246775456,0.00100552762458039
"QQNVP-QRNVP","mean",0.0446431208606983,0.157139496131523,0.809492780140028,0.101301436835227,0.192133943575589,0.0723736858247354
"QQNVP-QRNVP","lower",0.0223259445657656,0.0890662181465934,0.446083876845217,0.0436395026273354,0.107620099036079,0.033501192242897
"QQNVP-QRNVP","upper",0.0849761075482616,0.277633808916889,1.41721133286827,0.202158143050906,0.338926351471915,0.139838262574398
"QQNVP-QRNVP","p",4e-06,4e-06,0.456233405847014,4e-06,1.12734148869365e-05,4e-06
"QQNVP-QQKVP","mean",0.967215755513021,1.01230986298975,0.752642470289133,0.0968124136918768,0.40778655079066,2.13908341500088
"QQNVP-QQKVP","lower",0.581736062311886,0.609260131343047,0.448936842037557,0.0460202236113346,0.24352837075456,1.26264549370909
"QQNVP-QQKVP","upper",1.60763198208817,1.69126656652737,1.25421468349026,0.188756777280178,0.683627980809785,3.56343595929283
"QQNVP-QQKVP","p",0.892655264528654,0.962904585116158,0.262453163877469,4e-06,0.00203448982505061,0.00761017617785948
"QQNVP-QQNIP","mean",1.02808151595255,1.32238631936721,0.95877024888735,0.179913228894784,0.42992374224718,0.753526456323982
"QQNVP-QQNIP","lower",0.592517237070008,0.756798257263043,0.550254657466746,0.0840915626962422,0.247185924080781,0.429957292385538
"QQNVP-QQNIP","upper",1.79182002498479,2.31787362223374,1.66954391112437,0.37985123053192,0.761736596368703,1.31429204727584
"QQNVP-QQNIP","p",0.919146548194073,0.303432707589541,0.876148370929196,0.000111105195318428,0.00648761721128555,0.302796224532852
